<?xml version="1.0" encoding="UTF-8"?>
<project-private xmlns="http://www.netbeans.org/ns/project-private/1">
    <editor-bookmarks xmlns="http://www.netbeans.org/ns/editor-bookmarks/2" lastBookmarkId="0"/>
    <open-files xmlns="http://www.netbeans.org/ns/projectui-open-files/2">
        <group>
            <file>file:/Users/harish/Desktop/DMDD/src/UI/AppointmentHome.java</file>
            <file>file:/Users/harish/Desktop/DMDD/src/UI/MainJFrame.java</file>
            <file>file:/Users/harish/Desktop/DMDD/src/UI/DoctorHome.java</file>
            <file>file:/Users/harish/Desktop/DMDD/src/UI/AppointmentCreate.java</file>
            <file>file:/Users/harish/Desktop/DMDD/src/UI/DoctorModify.java</file>
            <file>file:/Users/harish/Desktop/DMDD/src/UI/DoctorCreate.java</file>
            <file>file:/Users/harish/Desktop/DMDD/src/UI/PatientCreate.java</file>
        </group>
    </open-files>
</project-private>
